"","losses_train","accuracies_train","losses_val","accuracies_val"
"0","1.7830125030992332","0.2587336244541485","1.386294720483863","0.2617391304347826"
"1","1.3862947225570679","0.2568777292576419","1.386294720483863","0.2617391304347826"
